{
  "vocab_size": 25,
  "n_layer": 2,
  "n_head": 4,
  "n_embd": 64,
  "seq_len": 64,
  "mlp_hidden": 512,
  "block_has_mlp": [
    false,
    false
  ],
  "use_rmsnorm": false,
  "use_qk_norm": false,
  "use_final_norm": false,
  "batch_size": 128,
  "lr": 0.003,
  "num_steps": 5000,
  "warmup_steps": 200,
  "eval_interval": 250,
  "log_interval": 50,
  "rules": "depth1",
  "mode": "mixed",
  "seed": 42,
  "debug": false,
  "wandb": false,
  "wandb_project": "attn-circuits",
  "wandb_run_name": null,
  "num_params": 52352,
  "final_train_loss": 1.329937219619751,
  "final_val_loss": 1.318152904510498,
  "final_rule_losses": {
    "setup": 2.2926280007833895,
    "trigram_at_c_z": 4.791011166454277e-07,
    "bigram_b_y": 6.327016453608313e-07,
    "skip_b_at_p": 0.0002471928213338113,
    "bigram_d_p": 4.069804804953085e-06,
    "noise": 5.525358129313469,
    "trigram_hash_a_x": 1.163025473754466e-05,
    "skip_a_hash_z": 0.00028671930756889185,
    "bigram_f_r": 6.769802154433985e-05,
    "bigram_c_z": 6.424064130191718e-07,
    "skip_c_bang_q": 0.0004858822582843897,
    "trigram_hash_b_y": 5.8028789326172e-07,
    "bigram_a_x": 3.5904070688466228e-06,
    "skip_h_at_y": 0.001967233543775636,
    "skip_g_hash_x": 0.0026526898093262295,
    "skip_d_dollar_r": 0.0038075212352757536,
    "bigram_e_q": 2.0853251406018777e-05,
    "trigram_bang_f_r": 7.083965712395421e-05,
    "trigram_at_d_p": 6.053210885052226e-06,
    "trigram_bang_e_q": 2.9175859608971672e-05
  }
}