{
  "vocab_size": 26,
  "n_layer": 1,
  "n_head": 4,
  "n_embd": 64,
  "seq_len": 64,
  "mlp_hidden": 512,
  "block_has_mlp": [
    false
  ],
  "use_rmsnorm": false,
  "use_qk_norm": false,
  "use_final_norm": false,
  "batch_size": 128,
  "lr": 0.003,
  "num_steps": 200,
  "warmup_steps": 200,
  "eval_interval": 50,
  "log_interval": 10,
  "rules": "depth1",
  "mode": "mixed",
  "lang": null,
  "seed": 42,
  "debug": true,
  "wandb": false,
  "cache_size": 0,
  "fast_gen": false,
  "wandb_project": "attn-circuits",
  "wandb_run_name": null,
  "num_params": 27904,
  "final_train_loss": 1.3611128330230713,
  "final_val_loss": 1.40391486287117,
  "final_rule_losses": {
    "setup": 1.9114132893130886,
    "bigram_b_X1": 0.13976302429264156,
    "skip_b_bang_S0": 1.0782226223239864,
    "bigram_e_B1": 0.32463980173035567,
    "bigram_c_X2": 0.12948673880259784,
    "bigram_f_B2": 0.20470566920698352,
    "bigram_d_B0": 0.26776597114325157,
    "bigram_a_X0": 0.14649116961842346,
    "skip_a_dollar_X2": 1.0450867196795488,
    "trigram_at_c_T2": 2.2739027704704053,
    "trigram_he_X1": 1.370410655720274,
    "trigram_dollar_f_X2": 1.9209093157097683,
    "trigram_bang_a_T0": 2.1648220326456387,
    "trigram_gd_X0": 1.5711940212382425,
    "skip_d_at_S2": 0.8832188847733762,
    "skip_h_at_X1": 2.1001789880969772,
    "skip_c_hash_S1": 1.2577646907702835,
    "skip_g_hash_X0": 2.08763886475681,
    "trigram_hash_b_T1": 2.2589311783843433,
    "noise": 4.793512425799029
  }
}