{
  "vocab_size": 26,
  "n_layer": 2,
  "n_head": 4,
  "n_embd": 128,
  "seq_len": 64,
  "mlp_hidden": 512,
  "block_has_mlp": [
    false,
    false
  ],
  "use_rmsnorm": false,
  "use_qk_norm": false,
  "use_final_norm": false,
  "batch_size": 128,
  "lr": 0.003,
  "num_steps": 5000,
  "warmup_steps": 200,
  "eval_interval": 500,
  "log_interval": 200,
  "rules": "all",
  "mode": "mixed",
  "lang": null,
  "seed": 42,
  "debug": false,
  "wandb": false,
  "wandb_project": "attn-circuits",
  "wandb_run_name": null,
  "num_params": 203264,
  "final_train_loss": 1.389716386795044,
  "final_val_loss": 1.3792193114757538,
  "final_rule_losses": {
    "bigram_e_B1": 0.3196401309256999,
    "setup": 1.9769298142078993,
    "bigram_f_B2": 0.1558130364310729,
    "trigram_dollar_f_X2": 0.8743088943289424,
    "bigram_d_B0": 0.31250040164289955,
    "induction_g": 0.04388582076500956,
    "trigram_gd_X0": 0.9031543413843167,
    "bigram_c_X2": 0.14308289351053552,
    "noise": 4.128058842655686,
    "skip_c_hash_S1": 0.011879817355411269,
    "trigram_he_X1": 0.860941292213455,
    "induction_e": 0.4245119110850289,
    "bigram_a_X0": 0.16528898013400403,
    "bigram_b_X1": 0.15797122641289638,
    "induction_h": 0.049672783059269705,
    "skip_d_at_S2": 0.013103836537886087,
    "induction_d": 0.5950677651412665,
    "induction_b": 0.5266517260234002,
    "skip_b_bang_S0": 0.01196541961335325,
    "induction_c": 0.5449846025103124,
    "skip_h_at_X1": 0.019312136299253702,
    "induction_f": 0.2856991484597758,
    "induction_a": 0.5767412023063527,
    "trigram_bang_a_T0": 0.9225288011060002,
    "skip_a_dollar_X2": 0.011851833544204495,
    "trigram_hash_b_T1": 0.9252428510113856,
    "skip_g_hash_X0": 0.014120274669887366,
    "bracket": 2.1800828208387575,
    "trigram_at_c_T2": 0.9536606497446243
  }
}