{
  "vocab_size": 54,
  "n_layer": 2,
  "n_head": 4,
  "n_embd": 64,
  "seq_len": 128,
  "mlp_hidden": 512,
  "block_has_mlp": [
    false,
    false
  ],
  "use_rmsnorm": false,
  "use_qk_norm": false,
  "use_final_norm": false,
  "batch_size": 256,
  "lr": 0.003,
  "num_steps": 5000,
  "warmup_steps": 200,
  "eval_interval": 200,
  "log_interval": 50,
  "rules": "depth1",
  "mode": "mixed",
  "lang": null,
  "seed": 42,
  "debug": false,
  "wandb": false,
  "cache_size": 0,
  "fast_gen": true,
  "generator": "v3",
  "tokens_per_category": 8,
  "cached_data": "data/v3_cached_5000.pkl",
  "optimizer": "adamw",
  "wandb_project": "attn-circuits",
  "wandb_run_name": null,
  "num_params": 56064,
  "final_train_loss": 2.4693613052368164,
  "final_val_loss": 2.472544479370117,
  "final_rule_losses": {
    "cat_bigram": 3.1428135335564122,
    "skip_bigram": 0.07390929921530201,
    "paren_open": 3.574549689991282,
    "paren_content": 2.6584146549676304,
    "skip_trigram": 0.6028389790526332,
    "noun_bigram": 0.9050097825946679,
    "place_bigram": 0.06608611953631811,
    "cat_trigram": 2.1721012761503884,
    "induction": 0.12151786631466635,
    "quote_open": 3.570002527401948,
    "quote_content": 2.617135731725258,
    "tok_trigram": 0.09514621669504426
  }
}