{
  "vocab_size": 128,
  "n_layer": 1,
  "n_head": 8,
  "n_embd": 128,
  "seq_len": 128,
  "mlp_hidden": 512,
  "block_has_mlp": [
    false
  ],
  "use_rmsnorm": false,
  "use_qk_norm": false,
  "use_final_norm": false,
  "batch_size": 128,
  "lr": 0.003,
  "num_steps": 200,
  "warmup_steps": 200,
  "eval_interval": 50,
  "log_interval": 10,
  "rules": "depth1",
  "mode": "mixed",
  "lang": "128",
  "seed": 42,
  "debug": true,
  "wandb": false,
  "wandb_project": "attn-circuits",
  "wandb_run_name": null,
  "num_params": 131072,
  "final_train_loss": 2.4937214851379395,
  "final_val_loss": 2.5450060248374937,
  "final_rule_losses": {
    "setup": 3.911593564070949,
    "bigram_e9_o9": 0.048077780861867675,
    "bigram_e28_o28": 0.08918619517086618,
    "bigram_e0_o0": 0.05558782728202554,
    "bigram_e16_o16": 0.07151949642191124,
    "bigram_e10_o10": 0.06639748387536047,
    "bigram_e13_o13": 0.0622119051505417,
    "bigram_e7_o7": 0.06546944401957383,
    "bigram_e4_o4": 0.0585698438508459,
    "bigram_e27_o27": 0.07869983524718877,
    "bigram_e2_o2": 0.06538921330930318,
    "skip_e2_m12_o32": 2.181794055951819,
    "bigram_e12_o12": 0.06941006767504199,
    "bigram_e24_o24": 0.09200587139837754,
    "bigram_e8_o8": 0.07186960521825064,
    "bigram_e25_o25": 0.0877799940214512,
    "skip_e12_m6_o2": 1.929695712134536,
    "bigram_e22_o22": 0.11636249985763929,
    "bigram_e11_o11": 0.05978267634850727,
    "bigram_e21_o21": 0.08033746513121504,
    "trigram_m14_e14_o4": 3.391847641524215,
    "trigram_m6_e22_o12": 2.7578986362912135,
    "trigram_m3_e3_o33": 3.2142666094333148,
    "bigram_e15_o15": 0.07276088434011731,
    "trigram_m3_e19_o9": 3.356007703432417,
    "bigram_e14_o14": 0.06842054699770247,
    "skip_e11_m5_o1": 2.17132695115721,
    "trigram_m5_e21_o11": 2.960827837514578,
    "bigram_e6_o6": 0.05302952713297659,
    "bigram_e1_o1": 0.050691325274746186,
    "bigram_e18_o18": 0.07487160589957052,
    "skip_e18_m12_o8": 2.121451174043399,
    "bigram_e19_o19": 0.07177108698874289,
    "bigram_e5_o5": 0.04571154324498923,
    "skip_e6_m0_o36": 1.8187361990183322,
    "bigram_e29_o29": 0.10147728805197807,
    "skip_e35_m5_o25": 2.7161593695876936,
    "skip_e5_m15_o35": 1.6520066386257322,
    "skip_e33_m3_o23": 2.726385189199201,
    "skip_e16_m10_o6": 2.0631546873222133,
    "bigram_e17_o17": 0.0652891770534199,
    "skip_e15_m9_o5": 2.000269721076872,
    "noise": 6.749411029410871,
    "bigram_e3_o3": 0.05759294385021426,
    "skip_e7_m1_o37": 2.017080350933625,
    "bigram_e20_o20": 0.09483243330114945,
    "bigram_e26_o26": 0.09547908369193808,
    "skip_e14_m8_o4": 1.980547300443222,
    "trigram_m4_e4_o34": 3.1506378025912913,
    "skip_e4_m14_o34": 1.7415753563846308,
    "trigram_m2_e2_o32": 3.0722013028847526,
    "skip_e1_m11_o31": 1.8128658835511724,
    "bigram_e23_o23": 0.10030939121111436,
    "skip_e37_m7_o27": 2.753311922615629,
    "skip_e17_m11_o7": 2.0125987247815447,
    "trigram_m0_e0_o30": 3.257633875143432,
    "trigram_m8_e24_o14": 2.946355296510611,
    "skip_e9_m3_o39": 2.1442941317152817,
    "skip_e30_m0_o20": 2.706820958528232,
    "trigram_m7_e23_o13": 2.8333997047339996,
    "skip_e39_m9_o29": 2.7449425425418945,
    "trigram_m11_e11_o1": 3.8261898373186796,
    "skip_e0_m10_o30": 1.9992624831057442,
    "trigram_m13_e29_o19": 2.7876027027109664,
    "trigram_m15_e15_o5": 3.2271943293959526,
    "skip_e10_m4_o0": 1.9564931232633203,
    "trigram_m12_e28_o18": 3.0908863416494814,
    "trigram_m1_e17_o7": 3.2431969268402194,
    "trigram_m11_e27_o17": 2.981931187221643,
    "skip_e8_m2_o38": 1.9569177363524384,
    "trigram_m12_e12_o2": 3.234822767549547,
    "skip_e32_m2_o22": 2.63421528649473,
    "trigram_m9_e9_o39": 3.3982380013005558,
    "skip_e19_m13_o9": 2.2534381533909427,
    "trigram_m1_e1_o31": 3.4254515959129166,
    "trigram_m7_e7_o37": 3.034637400768576,
    "trigram_m0_e16_o6": 3.1114488061931405,
    "skip_e34_m4_o24": 2.747009902836362,
    "trigram_m9_e25_o15": 2.95897323280379,
    "skip_e13_m7_o3": 2.063316594949164,
    "trigram_m4_e20_o10": 2.7779809785902554,
    "trigram_m10_e26_o16": 2.843698560686736,
    "trigram_m6_e6_o36": 3.318224674496359,
    "trigram_m10_e10_o0": 3.2488858283797994,
    "skip_e31_m1_o21": 2.7923943868750394,
    "skip_e3_m13_o33": 1.9583822237852584,
    "trigram_m8_e8_o38": 2.97254883253062,
    "trigram_m13_e13_o3": 3.3827083440836234,
    "skip_e36_m6_o26": 2.793168906860071,
    "trigram_m2_e18_o8": 3.1477050421739774,
    "skip_e38_m8_o28": 2.557468125041641,
    "trigram_m5_e5_o35": 3.5267595247787007
  }
}