{
  "vocab_size": 26,
  "n_layer": 1,
  "n_head": 4,
  "n_embd": 64,
  "seq_len": 64,
  "mlp_hidden": 512,
  "block_has_mlp": [
    false
  ],
  "use_rmsnorm": false,
  "use_qk_norm": false,
  "use_final_norm": false,
  "batch_size": 128,
  "lr": 0.003,
  "num_steps": 10000,
  "warmup_steps": 200,
  "eval_interval": 500,
  "log_interval": 200,
  "rules": "all",
  "mode": "mixed",
  "lang": null,
  "seed": 42,
  "debug": false,
  "wandb": false,
  "wandb_project": "attn-circuits",
  "wandb_run_name": null,
  "num_params": 27904,
  "final_train_loss": 1.3749613761901855,
  "final_val_loss": 1.3886958718299867,
  "final_rule_losses": {
    "bigram_e_B1": 0.33247939208700056,
    "noise": 4.10300312264117,
    "setup": 1.9733124096549872,
    "bigram_a_X0": 0.18213214321287272,
    "bigram_d_B0": 0.3217230063067732,
    "skip_g_hash_X0": 0.019211993398257923,
    "bigram_b_X1": 0.16816135214731256,
    "bigram_c_X2": 0.160308212398449,
    "bigram_f_B2": 0.16641675499567044,
    "trigram_gd_X0": 0.9422364682413434,
    "induction_f": 0.3610132183357977,
    "induction_g": 0.042275701559827,
    "induction_d": 0.7430715297806962,
    "trigram_he_X1": 0.891078273057864,
    "induction_a": 0.6576826635251071,
    "induction_c": 0.6471034431390335,
    "skip_a_dollar_X2": 0.016752158752872517,
    "induction_h": 0.04482534023002283,
    "induction_e": 0.5259401046199501,
    "skip_h_at_X1": 0.01563546841090153,
    "trigram_dollar_f_X2": 0.9381130552517757,
    "skip_d_at_S2": 0.016977953210521594,
    "bracket": 2.1742979995206984,
    "trigram_hash_b_T1": 0.9708245251706578,
    "skip_b_bang_S0": 0.014370417648740924,
    "trigram_bang_a_T0": 0.9652885161786001,
    "skip_c_hash_S1": 0.016351309590992957,
    "induction_b": 0.6407247092653499,
    "trigram_at_c_T2": 0.9765508380635437
  }
}