{
  "vocab_size": 26,
  "n_layer": 2,
  "n_head": 4,
  "n_embd": 64,
  "seq_len": 64,
  "mlp_hidden": 512,
  "block_has_mlp": [
    false,
    false
  ],
  "use_rmsnorm": false,
  "use_qk_norm": false,
  "use_final_norm": false,
  "batch_size": 128,
  "lr": 0.003,
  "num_steps": 10000,
  "warmup_steps": 200,
  "eval_interval": 500,
  "log_interval": 200,
  "rules": "all",
  "mode": "mixed",
  "lang": null,
  "seed": 42,
  "debug": false,
  "wandb": false,
  "wandb_project": "attn-circuits",
  "wandb_run_name": null,
  "num_params": 52480,
  "final_train_loss": 1.3584935665130615,
  "final_val_loss": 1.3710103511810303,
  "final_rule_losses": {
    "bigram_e_B1": 0.3273786388126051,
    "noise": 4.104966971342383,
    "setup": 1.9715650219780287,
    "bigram_a_X0": 0.16203786083294694,
    "bigram_d_B0": 0.30850488890057276,
    "skip_g_hash_X0": 0.013679709969542556,
    "bigram_b_X1": 0.15205477967003328,
    "bigram_c_X2": 0.14468082594276893,
    "bigram_f_B2": 0.1600907525149723,
    "trigram_gd_X0": 0.9070104580059726,
    "induction_f": 0.2900466589731108,
    "induction_g": 0.03441485668785513,
    "induction_d": 0.5636900117868651,
    "trigram_he_X1": 0.8610904158114439,
    "induction_a": 0.4895322147545463,
    "induction_c": 0.49759058076555035,
    "skip_a_dollar_X2": 0.01378332469843076,
    "induction_h": 0.021867488802726334,
    "induction_e": 0.41859596842781066,
    "skip_h_at_X1": 0.01423903723997832,
    "trigram_dollar_f_X2": 0.8966423407085046,
    "skip_d_at_S2": 0.01465495399201729,
    "bracket": 2.1606554881406996,
    "trigram_hash_b_T1": 0.9194875017284915,
    "skip_b_bang_S0": 0.014203751076338852,
    "trigram_bang_a_T0": 0.9231168919707625,
    "skip_c_hash_S1": 0.01356587982918115,
    "induction_b": 0.49333077663451874,
    "trigram_at_c_T2": 0.9286378853844469
  }
}