{
  "vocab_size": 26,
  "n_layer": 2,
  "n_head": 4,
  "n_embd": 64,
  "seq_len": 256,
  "mlp_hidden": 512,
  "block_has_mlp": [
    false,
    false
  ],
  "use_rmsnorm": false,
  "use_qk_norm": false,
  "use_final_norm": false,
  "batch_size": 128,
  "lr": 0.003,
  "num_steps": 5000,
  "warmup_steps": 200,
  "eval_interval": 500,
  "log_interval": 200,
  "rules": "all",
  "mode": "mixed",
  "lang": null,
  "seed": 42,
  "debug": false,
  "wandb": false,
  "wandb_project": "attn-circuits",
  "wandb_run_name": null,
  "num_params": 52480,
  "final_train_loss": 1.4029885530471802,
  "final_val_loss": 1.4005052089691161,
  "final_rule_losses": {
    "noise": 4.12310025078393,
    "setup": 2.006635923759297,
    "bigram_b_X1": 0.1762853431680345,
    "bigram_f_B2": 0.15565255942633033,
    "bigram_e_B1": 0.32941681568280123,
    "bigram_a_X0": 0.18723952908869812,
    "induction_h": 0.05884906234907047,
    "bigram_c_X2": 0.15897854151194693,
    "bigram_d_B0": 0.33935955157594583,
    "bracket": 2.211151325016263,
    "induction_d": 0.6836892357323038,
    "induction_e": 0.5061839387806059,
    "trigram_he_X1": 0.8973531659379508,
    "skip_a_dollar_X2": 0.04259073678476131,
    "skip_b_bang_S0": 0.04025418948409072,
    "induction_a": 0.61471104474821,
    "skip_g_hash_X0": 0.052574376451006835,
    "trigram_at_c_T2": 1.0236937484899042,
    "trigram_dollar_f_X2": 0.926654916046013,
    "induction_g": 0.05154202073469531,
    "induction_f": 0.41744556981899306,
    "trigram_bang_a_T0": 0.9827709410763503,
    "induction_c": 0.6331492474872179,
    "skip_c_hash_S1": 0.04153577385667011,
    "trigram_hash_b_T1": 1.0314395212995908,
    "induction_b": 0.6392094553096638,
    "skip_d_at_S2": 0.03377791241092367,
    "trigram_gd_X0": 0.9481665388966347,
    "skip_h_at_X1": 0.0609648415944906
  }
}