{
  "vocab_size": 25,
  "n_layer": 1,
  "n_head": 4,
  "n_embd": 64,
  "seq_len": 64,
  "mlp_hidden": 512,
  "block_has_mlp": [
    false
  ],
  "use_rmsnorm": false,
  "use_qk_norm": false,
  "use_final_norm": false,
  "batch_size": 128,
  "lr": 0.003,
  "num_steps": 5000,
  "warmup_steps": 200,
  "eval_interval": 250,
  "log_interval": 50,
  "rules": "depth1",
  "mode": "mixed",
  "seed": 42,
  "debug": false,
  "wandb": false,
  "wandb_project": "attn-circuits",
  "wandb_run_name": null,
  "num_params": 27776,
  "final_train_loss": 1.3366401195526123,
  "final_val_loss": 1.3241967737674714,
  "final_rule_losses": {
    "setup": 2.302513953772193,
    "trigram_at_c_z": 3.060998988744573e-07,
    "bigram_b_y": 2.0387031007910338e-06,
    "skip_b_at_p": 0.0011560528709810881,
    "bigram_d_p": 3.1902457537694026e-06,
    "noise": 5.526724499161142,
    "trigram_hash_a_x": 1.3315718741625381e-06,
    "skip_a_hash_z": 0.002063403047761063,
    "bigram_f_r": 2.9836779420849544e-05,
    "bigram_c_z": 3.815637020472516e-07,
    "skip_c_bang_q": 0.001416820542749469,
    "trigram_hash_b_y": 1.2878553457885338e-06,
    "bigram_a_x": 1.3757039132401145e-06,
    "skip_h_at_y": 0.006999791951214135,
    "skip_g_hash_x": 0.01018618221251486,
    "skip_d_dollar_r": 0.009726169370115126,
    "bigram_e_q": 1.2951576234997759e-05,
    "trigram_bang_f_r": 2.477234446725754e-05,
    "trigram_at_d_p": 4.0771589122605665e-06,
    "trigram_bang_e_q": 1.0987812670671975e-05
  }
}