{
  "vocab_size": 128,
  "n_layer": 1,
  "n_head": 8,
  "n_embd": 128,
  "seq_len": 128,
  "mlp_hidden": 512,
  "block_has_mlp": [
    false
  ],
  "use_rmsnorm": false,
  "use_qk_norm": false,
  "use_final_norm": false,
  "batch_size": 128,
  "lr": 0.003,
  "num_steps": 10000,
  "warmup_steps": 200,
  "eval_interval": 250,
  "log_interval": 50,
  "rules": "depth1",
  "mode": "mixed",
  "lang": "128",
  "seed": 42,
  "debug": false,
  "wandb": false,
  "wandb_project": "attn-circuits",
  "wandb_run_name": null,
  "num_params": 131072,
  "final_train_loss": 2.323655605316162,
  "final_val_loss": 2.32264564037323,
  "final_rule_losses": {
    "bigram_e25_o25": 0.055250120005510175,
    "setup": 3.8327054189574175,
    "bigram_e8_o8": 0.03951505404939302,
    "bigram_e27_o27": 0.05464473035528689,
    "noise": 7.197893774980871,
    "bigram_e7_o7": 0.035415282261153536,
    "bigram_e2_o2": 0.037137997564530234,
    "bigram_e10_o10": 0.03644770249201219,
    "bigram_e17_o17": 0.03811753641573511,
    "bigram_e18_o18": 0.03858797410150142,
    "bigram_e28_o28": 0.053642991470299356,
    "bigram_e14_o14": 0.035297428365137204,
    "bigram_e23_o23": 0.06212309269923776,
    "bigram_e1_o1": 0.037408465311198895,
    "bigram_e15_o15": 0.036716590551478495,
    "trigram_m1_e1_o31": 0.8745432875353781,
    "bigram_e6_o6": 0.03742587015669383,
    "bigram_e26_o26": 0.056044226836156084,
    "bigram_e3_o3": 0.036532873775722195,
    "bigram_e12_o12": 0.03473055035932061,
    "trigram_m8_e8_o38": 0.8772470631676075,
    "skip_e18_m12_o8": 0.006710229389531339,
    "bigram_e9_o9": 0.037126607576074715,
    "bigram_e5_o5": 0.04015628088618816,
    "skip_e10_m4_o0": 0.00815794333826806,
    "bigram_e29_o29": 0.05581541731468283,
    "skip_e14_m8_o4": 0.006594459109812175,
    "skip_e9_m3_o39": 0.005724334882781957,
    "bigram_e21_o21": 0.057031983425147634,
    "bigram_e0_o0": 0.03870103197583191,
    "bigram_e24_o24": 0.05821825220742244,
    "skip_e0_m10_o30": 0.00889946151819445,
    "bigram_e4_o4": 0.03496924228452106,
    "bigram_e16_o16": 0.03920411957727726,
    "trigram_m10_e10_o0": 0.8787723708305919,
    "bigram_e13_o13": 0.03564346022432976,
    "bigram_e19_o19": 0.03583654848966925,
    "bigram_e11_o11": 0.03311627838058905,
    "bigram_e20_o20": 0.0567966507321207,
    "bigram_e22_o22": 0.05876193439108366,
    "skip_e16_m10_o6": 0.010293063563803481,
    "trigram_m12_e28_o18": 0.8382908586340772,
    "skip_e34_m4_o24": 0.0026799283661630806,
    "trigram_m15_e15_o5": 0.8448578471249015,
    "skip_e6_m0_o36": 0.005626817472497726,
    "skip_e3_m13_o33": 0.0072529429473565344,
    "skip_e11_m5_o1": 0.012492830424492063,
    "skip_e4_m14_o34": 0.0038706205701382656,
    "trigram_m4_e4_o34": 0.842742059038337,
    "skip_e2_m12_o32": 0.02701142000549063,
    "trigram_m5_e5_o35": 0.8582546099106768,
    "skip_e13_m7_o3": 0.00535561737619492,
    "trigram_m12_e12_o2": 0.8602627674846545,
    "trigram_m9_e25_o15": 0.8491095554708477,
    "trigram_m2_e18_o8": 0.8637060315069482,
    "trigram_m4_e20_o10": 0.8474147376689807,
    "skip_e32_m2_o22": 0.01351727864372539,
    "trigram_m10_e26_o16": 0.8483508947235913,
    "skip_e12_m6_o2": 0.004140256956264927,
    "skip_e37_m7_o27": 0.002210929400410726,
    "skip_e36_m6_o26": 0.00662992692222927,
    "skip_e8_m2_o38": 0.004515066987565526,
    "trigram_m7_e23_o13": 0.8383296020437669,
    "skip_e30_m0_o20": 0.008013519199142251,
    "trigram_m14_e14_o4": 0.8492429053627647,
    "trigram_m3_e19_o9": 0.8583914568549282,
    "skip_e33_m3_o23": 0.009939772464240855,
    "trigram_m0_e0_o30": 0.850011282818175,
    "trigram_m7_e7_o37": 0.836002526156293,
    "skip_e7_m1_o37": 0.005076635856159945,
    "skip_e19_m13_o9": 0.005815340236665523,
    "trigram_m11_e27_o17": 0.8717710218936161,
    "trigram_m13_e13_o3": 0.8788560820727259,
    "skip_e1_m11_o31": 0.011768593403915374,
    "trigram_m6_e22_o12": 0.8529955785484017,
    "trigram_m13_e29_o19": 0.846377329501793,
    "trigram_m8_e24_o14": 0.8203220479926849,
    "skip_e35_m5_o25": 0.0029593728564404932,
    "trigram_m2_e2_o32": 0.8598100774454661,
    "skip_e17_m11_o7": 0.011263965483307454,
    "trigram_m0_e16_o6": 0.8588446631156755,
    "skip_e39_m9_o29": 0.007834104323978425,
    "trigram_m3_e3_o33": 0.864197640785126,
    "trigram_m6_e6_o36": 0.8534785811313185,
    "trigram_m9_e9_o39": 0.8580235063772754,
    "skip_e5_m15_o35": 0.007468962479673429,
    "trigram_m5_e21_o11": 0.8503385643951007,
    "skip_e31_m1_o21": 0.005692250049341286,
    "skip_e38_m8_o28": 0.00461568198012104,
    "skip_e15_m9_o5": 0.01211824941277263,
    "trigram_m1_e17_o7": 0.8636632671904895,
    "trigram_m11_e11_o1": 0.8686994791075102
  }
}