{
  "vocab_size": 4096,
  "d_model": 512,
  "n_ctx": 512,
  "n_head": 8,
  "dropout": 0.1,
  "model_type": "attention_only_1L",
  "num_batches": 10000,
  "final_train_loss": 2.7799265384674072,
  "final_val_loss": 2.8491800308227537,
  "learning_rate": 0.003,
  "batch_size": 16
}